<code_scheme name="Custom" version="173">
  <SqlCodeStyleSettings version="7">
    <option name="USE_GENERAL_STYLE" value="true" />
    <option name="KEYWORD_CASE" value="2" />
    <option name="TYPE_CASE" value="2" />
    <option name="CUSTOM_TYPE_CASE" value="2" />
    <option name="SUBQUERY_CONTENT" value="2" />
    <option name="WITH_EL_LINE" value="101" />
    <option name="WITH_EL_WRAP" value="2" />
    <option name="SELECT_EL_WRAP" value="2" />
    <option name="SELECT_ALIGN_AS" value="false" />
    <option name="FROM_INDENT_JOIN" value="false" />
    <option name="VIEW_INDENT_QUERY" value="true" />
    <option name="EXPR_CASE_THEN_ALIGN" value="true" />
    <option name="EXPR_CASE_ELSE_ALIGN_THEN" value="true" />
    <option name="ALIGN_AS_IN_SELECT_STATEMENT" value="false" />
    <option name="ALIGN_TYPE_IN_CREATE_STATEMENT" value="false" />
    <option name="ALIGN_TYPE_IN_BLOCK_STATEMENT" value="false" />
    <option name="ALIGN_TYPE_IN_ARGUMENT_DEFINITION" value="false" />
    <option name="ALIGN_INSIDE_BINARY_EXPRESSION" value="false" />
    <option name="ALIGN_INSIDE_QUERY_EXPRESSION" value="false" />
    <option name="ALIGN_EQ_INSIDE_SET_CLAUSE" value="false" />
    <option name="NEW_LINE_BEFORE_FROM" value="false" />
    <option name="NEW_LINE_BEFORE_JOIN" value="false" />
    <option name="NEW_LINE_BEFORE_WHERE" value="false" />
    <option name="NEW_LINE_BEFORE_GROUP_BY" value="false" />
    <option name="NEW_LINE_BEFORE_ORDER_BY" value="false" />
    <option name="NEW_LINE_BEFORE_HAVING" value="false" />
    <option name="NEW_LINE_BEFORE_THEN" value="false" />
    <option name="NEW_LINE_BEFORE_ELSE" value="false" />
    <option name="NEW_LINE_BEFORE_OTHER_CLAUSES" value="false" />
    <option name="INDENT_JOIN" value="false" />
    <option name="INDENT_JOIN_CONDITION" value="false" />
    <option name="WRAP_INSIDE_CREATE_TABLE" value="0" />
    <option name="WRAP_INSIDE_SELECT" value="0" />
    <option name="WRAP_INSIDE_JOIN_EXPRESSION" value="0" />
    <option name="WRAP_INSIDE_GROUP_BY" value="0" />
    <option name="WRAP_INSIDE_WHERE" value="0" />
    <option name="WRAP_INSIDE_ORDER_BY" value="0" />
    <option name="WRAP_INSIDE_SET" value="0" />
    <option name="WRAP_INSIDE_ARGUMENT_DEFINITION" value="0" />
    <option name="WRAP_INSIDE_CALL_EXPRESSION" value="0" />
    <option name="WRAP_INSIDE_VALUES_EXPRESSION" value="0" />
    <option name="WRAP_VALUES_EXPRESSION" value="0" />
    <option name="WRAP_PARENTHESIZED_EXPRESSION_INSIDE_VALUES" value="0" />
    <option name="NEW_LINE_AFTER_SELECT_ITEM" value="false" />
  </SqlCodeStyleSettings>
  <codeStyleSettings language="SQL">
    <option name="KEEP_LINE_BREAKS" value="false" />
    <option name="KEEP_FIRST_COLUMN_COMMENT" value="false" />
    <indentOptions>
      <option name="USE_TAB_CHARACTER" value="true" />
    </indentOptions>
  </codeStyleSettings>
</code_scheme>