<code_scheme name="Default" version="173">
  <JetCodeStyleSettings>
    <option name="CODE_STYLE_DEFAULTS" value="KOTLIN_OFFICIAL" />
  </JetCodeStyleSettings>
  <ScalaCodeStyleSettings>
    <option name="MULTILINE_STRING_CLOSING_QUOTES_ON_NEW_LINE" value="true" />
  </ScalaCodeStyleSettings>
  <SqlCodeStyleSettings version="7">
    <option name="QUERY_EL_LINE" value="101" />
    <option name="QUERY_EL_COMMA" value="2" />
    <option name="QUERY_ALIGN_ELEMENTS" value="false" />
    <option name="SUBQUERY_OPENING" value="1" />
    <option name="SUBQUERY_CONTENT" value="2" />
    <option name="SUBQUERY_CLOSING" value="3" />
    <option name="INSERT_INTO_NL" value="2" />
    <option name="INSERT_CONTENT" value="2" />
    <option name="INSERT_CLOSING" value="3" />
    <option name="INSERT_TABLE_EL_LINE" value="1" />
    <option name="INSERT_VALUES_EL_LINE" value="1" />
    <option name="WITH_EL_LINE" value="1" />
    <option name="WITH_EL_WRAP" value="2" />
    <option name="WITH_EL_COMMA" value="4" />
    <option name="FROM_INDENT_JOIN" value="false" />
    <option name="FROM_ONLY_JOIN_INDENT" value="2" />
    <option name="TABLE_OPENING" value="1" />
    <option name="TABLE_CONTENT" value="2" />
    <option name="TABLE_CLOSING" value="2" />
    <option name="POST_OPT_WRAP_1" value="true" />
    <option name="VIEW_INDENT_QUERY" value="true" />
    <option name="ROUTINE_ARG_CONTENT" value="2" />
    <option name="ROUTINE_ARG_CLOSING" value="2" />
    <option name="IMP_LOOP_LOOP_WRAP" value="false" />
    <option name="IMP_LOOP_LOOP_INDENT" value="false" />
    <option name="EXPR_CASE_END" value="1" />
  </SqlCodeStyleSettings>
  <codeStyleSettings language="SQL">
    <option name="KEEP_LINE_BREAKS" value="false" />
  </codeStyleSettings>
  <codeStyleSettings language="kotlin">
    <option name="CODE_STYLE_DEFAULTS" value="KOTLIN_OFFICIAL" />
  </codeStyleSettings>
</code_scheme>