<application>
  <component name="IgnoredPluginSuggestions">
    <option name="pluginIds">
      <list>
        <option value="com.microsoft.tooling.msservices.intellij.azure" />
        <option value="com.haulmont.jpab" />
        <option value="com.jetbrains.jax.ws" />
        <option value="com.intellij.guice" />
        <option value="com.intellij.bigdatatools" />
        <option value="Pythonid" />
        <option value="com.intellij.bigdatatools.spark" />
      </list>
    </option>
  </component>
</application>