<application>
  <component name="ProjectJdkTable">
    <jdk version="2">
      <name value="openjdk-23" />
      <type value="JavaSDK" />
      <version value="java version &quot;23.0.2&quot;" />
      <homePath value="$USER_HOME$/Library/Java/JavaVirtualMachines/openjdk-23.0.2/Contents/Home" />
      <roots>
        <annotationsPath>
          <root type="composite">
            <root url="jar://$APPLICATION_HOME_DIR$/plugins/java/lib/resources/jdkAnnotations.jar!/" type="simple" />
          </root>
        </annotationsPath>
        <classPath>
          <root type="composite">
            <root url="jrt://$USER_HOME$/Library/Java/JavaVirtualMachines/openjdk-23.0.2/Contents/Home!/java.base" type="simple" />
            <root url="jrt://$USER_HOME$/Library/Java/JavaVirtualMachines/openjdk-23.0.2/Contents/Home!/java.compiler" type="simple" />
            <root url="jrt://$USER_HOME$/Library/Java/JavaVirtualMachines/openjdk-23.0.2/Contents/Home!/java.datatransfer" type="simple" />
            <root url="jrt://$USER_HOME$/Library/Java/JavaVirtualMachines/openjdk-23.0.2/Contents/Home!/java.desktop" type="simple" />
            <root url="jrt://$USER_HOME$/Library/Java/JavaVirtualMachines/openjdk-23.0.2/Contents/Home!/java.instrument" type="simple" />
            <root url="jrt://$USER_HOME$/Library/Java/JavaVirtualMachines/openjdk-23.0.2/Contents/Home!/java.logging" type="simple" />
            <root url="jrt://$USER_HOME$/Library/Java/JavaVirtualMachines/openjdk-23.0.2/Contents/Home!/java.management" type="simple" />
            <root url="jrt://$USER_HOME$/Library/Java/JavaVirtualMachines/openjdk-23.0.2/Contents/Home!/java.management.rmi" type="simple" />
            <root url="jrt://$USER_HOME$/Library/Java/JavaVirtualMachines/openjdk-23.0.2/Contents/Home!/java.naming" type="simple" />
            <root url="jrt://$USER_HOME$/Library/Java/JavaVirtualMachines/openjdk-23.0.2/Contents/Home!/java.net.http" type="simple" />
            <root url="jrt://$USER_HOME$/Library/Java/JavaVirtualMachines/openjdk-23.0.2/Contents/Home!/java.prefs" type="simple" />
            <root url="jrt://$USER_HOME$/Library/Java/JavaVirtualMachines/openjdk-23.0.2/Contents/Home!/java.rmi" type="simple" />
            <root url="jrt://$USER_HOME$/Library/Java/JavaVirtualMachines/openjdk-23.0.2/Contents/Home!/java.scripting" type="simple" />
            <root url="jrt://$USER_HOME$/Library/Java/JavaVirtualMachines/openjdk-23.0.2/Contents/Home!/java.se" type="simple" />
            <root url="jrt://$USER_HOME$/Library/Java/JavaVirtualMachines/openjdk-23.0.2/Contents/Home!/java.security.jgss" type="simple" />
            <root url="jrt://$USER_HOME$/Library/Java/JavaVirtualMachines/openjdk-23.0.2/Contents/Home!/java.security.sasl" type="simple" />
            <root url="jrt://$USER_HOME$/Library/Java/JavaVirtualMachines/openjdk-23.0.2/Contents/Home!/java.smartcardio" type="simple" />
            <root url="jrt://$USER_HOME$/Library/Java/JavaVirtualMachines/openjdk-23.0.2/Contents/Home!/java.sql" type="simple" />
            <root url="jrt://$USER_HOME$/Library/Java/JavaVirtualMachines/openjdk-23.0.2/Contents/Home!/java.sql.rowset" type="simple" />
            <root url="jrt://$USER_HOME$/Library/Java/JavaVirtualMachines/openjdk-23.0.2/Contents/Home!/java.transaction.xa" type="simple" />
            <root url="jrt://$USER_HOME$/Library/Java/JavaVirtualMachines/openjdk-23.0.2/Contents/Home!/java.xml" type="simple" />
            <root url="jrt://$USER_HOME$/Library/Java/JavaVirtualMachines/openjdk-23.0.2/Contents/Home!/java.xml.crypto" type="simple" />
            <root url="jrt://$USER_HOME$/Library/Java/JavaVirtualMachines/openjdk-23.0.2/Contents/Home!/jdk.accessibility" type="simple" />
            <root url="jrt://$USER_HOME$/Library/Java/JavaVirtualMachines/openjdk-23.0.2/Contents/Home!/jdk.attach" type="simple" />
            <root url="jrt://$USER_HOME$/Library/Java/JavaVirtualMachines/openjdk-23.0.2/Contents/Home!/jdk.charsets" type="simple" />
            <root url="jrt://$USER_HOME$/Library/Java/JavaVirtualMachines/openjdk-23.0.2/Contents/Home!/jdk.compiler" type="simple" />
            <root url="jrt://$USER_HOME$/Library/Java/JavaVirtualMachines/openjdk-23.0.2/Contents/Home!/jdk.crypto.cryptoki" type="simple" />
            <root url="jrt://$USER_HOME$/Library/Java/JavaVirtualMachines/openjdk-23.0.2/Contents/Home!/jdk.crypto.ec" type="simple" />
            <root url="jrt://$USER_HOME$/Library/Java/JavaVirtualMachines/openjdk-23.0.2/Contents/Home!/jdk.dynalink" type="simple" />
            <root url="jrt://$USER_HOME$/Library/Java/JavaVirtualMachines/openjdk-23.0.2/Contents/Home!/jdk.editpad" type="simple" />
            <root url="jrt://$USER_HOME$/Library/Java/JavaVirtualMachines/openjdk-23.0.2/Contents/Home!/jdk.graal.compiler" type="simple" />
            <root url="jrt://$USER_HOME$/Library/Java/JavaVirtualMachines/openjdk-23.0.2/Contents/Home!/jdk.graal.compiler.management" type="simple" />
            <root url="jrt://$USER_HOME$/Library/Java/JavaVirtualMachines/openjdk-23.0.2/Contents/Home!/jdk.hotspot.agent" type="simple" />
            <root url="jrt://$USER_HOME$/Library/Java/JavaVirtualMachines/openjdk-23.0.2/Contents/Home!/jdk.httpserver" type="simple" />
            <root url="jrt://$USER_HOME$/Library/Java/JavaVirtualMachines/openjdk-23.0.2/Contents/Home!/jdk.incubator.vector" type="simple" />
            <root url="jrt://$USER_HOME$/Library/Java/JavaVirtualMachines/openjdk-23.0.2/Contents/Home!/jdk.internal.ed" type="simple" />
            <root url="jrt://$USER_HOME$/Library/Java/JavaVirtualMachines/openjdk-23.0.2/Contents/Home!/jdk.internal.jvmstat" type="simple" />
            <root url="jrt://$USER_HOME$/Library/Java/JavaVirtualMachines/openjdk-23.0.2/Contents/Home!/jdk.internal.le" type="simple" />
            <root url="jrt://$USER_HOME$/Library/Java/JavaVirtualMachines/openjdk-23.0.2/Contents/Home!/jdk.internal.md" type="simple" />
            <root url="jrt://$USER_HOME$/Library/Java/JavaVirtualMachines/openjdk-23.0.2/Contents/Home!/jdk.internal.opt" type="simple" />
            <root url="jrt://$USER_HOME$/Library/Java/JavaVirtualMachines/openjdk-23.0.2/Contents/Home!/jdk.internal.vm.ci" type="simple" />
            <root url="jrt://$USER_HOME$/Library/Java/JavaVirtualMachines/openjdk-23.0.2/Contents/Home!/jdk.jartool" type="simple" />
            <root url="jrt://$USER_HOME$/Library/Java/JavaVirtualMachines/openjdk-23.0.2/Contents/Home!/jdk.javadoc" type="simple" />
            <root url="jrt://$USER_HOME$/Library/Java/JavaVirtualMachines/openjdk-23.0.2/Contents/Home!/jdk.jcmd" type="simple" />
            <root url="jrt://$USER_HOME$/Library/Java/JavaVirtualMachines/openjdk-23.0.2/Contents/Home!/jdk.jconsole" type="simple" />
            <root url="jrt://$USER_HOME$/Library/Java/JavaVirtualMachines/openjdk-23.0.2/Contents/Home!/jdk.jdeps" type="simple" />
            <root url="jrt://$USER_HOME$/Library/Java/JavaVirtualMachines/openjdk-23.0.2/Contents/Home!/jdk.jdi" type="simple" />
            <root url="jrt://$USER_HOME$/Library/Java/JavaVirtualMachines/openjdk-23.0.2/Contents/Home!/jdk.jdwp.agent" type="simple" />
            <root url="jrt://$USER_HOME$/Library/Java/JavaVirtualMachines/openjdk-23.0.2/Contents/Home!/jdk.jfr" type="simple" />
            <root url="jrt://$USER_HOME$/Library/Java/JavaVirtualMachines/openjdk-23.0.2/Contents/Home!/jdk.jlink" type="simple" />
            <root url="jrt://$USER_HOME$/Library/Java/JavaVirtualMachines/openjdk-23.0.2/Contents/Home!/jdk.jpackage" type="simple" />
            <root url="jrt://$USER_HOME$/Library/Java/JavaVirtualMachines/openjdk-23.0.2/Contents/Home!/jdk.jshell" type="simple" />
            <root url="jrt://$USER_HOME$/Library/Java/JavaVirtualMachines/openjdk-23.0.2/Contents/Home!/jdk.jsobject" type="simple" />
            <root url="jrt://$USER_HOME$/Library/Java/JavaVirtualMachines/openjdk-23.0.2/Contents/Home!/jdk.jstatd" type="simple" />
            <root url="jrt://$USER_HOME$/Library/Java/JavaVirtualMachines/openjdk-23.0.2/Contents/Home!/jdk.localedata" type="simple" />
            <root url="jrt://$USER_HOME$/Library/Java/JavaVirtualMachines/openjdk-23.0.2/Contents/Home!/jdk.management" type="simple" />
            <root url="jrt://$USER_HOME$/Library/Java/JavaVirtualMachines/openjdk-23.0.2/Contents/Home!/jdk.management.agent" type="simple" />
            <root url="jrt://$USER_HOME$/Library/Java/JavaVirtualMachines/openjdk-23.0.2/Contents/Home!/jdk.management.jfr" type="simple" />
            <root url="jrt://$USER_HOME$/Library/Java/JavaVirtualMachines/openjdk-23.0.2/Contents/Home!/jdk.naming.dns" type="simple" />
            <root url="jrt://$USER_HOME$/Library/Java/JavaVirtualMachines/openjdk-23.0.2/Contents/Home!/jdk.naming.rmi" type="simple" />
            <root url="jrt://$USER_HOME$/Library/Java/JavaVirtualMachines/openjdk-23.0.2/Contents/Home!/jdk.net" type="simple" />
            <root url="jrt://$USER_HOME$/Library/Java/JavaVirtualMachines/openjdk-23.0.2/Contents/Home!/jdk.nio.mapmode" type="simple" />
            <root url="jrt://$USER_HOME$/Library/Java/JavaVirtualMachines/openjdk-23.0.2/Contents/Home!/jdk.sctp" type="simple" />
            <root url="jrt://$USER_HOME$/Library/Java/JavaVirtualMachines/openjdk-23.0.2/Contents/Home!/jdk.security.auth" type="simple" />
            <root url="jrt://$USER_HOME$/Library/Java/JavaVirtualMachines/openjdk-23.0.2/Contents/Home!/jdk.security.jgss" type="simple" />
            <root url="jrt://$USER_HOME$/Library/Java/JavaVirtualMachines/openjdk-23.0.2/Contents/Home!/jdk.unsupported" type="simple" />
            <root url="jrt://$USER_HOME$/Library/Java/JavaVirtualMachines/openjdk-23.0.2/Contents/Home!/jdk.unsupported.desktop" type="simple" />
            <root url="jrt://$USER_HOME$/Library/Java/JavaVirtualMachines/openjdk-23.0.2/Contents/Home!/jdk.xml.dom" type="simple" />
            <root url="jrt://$USER_HOME$/Library/Java/JavaVirtualMachines/openjdk-23.0.2/Contents/Home!/jdk.zipfs" type="simple" />
          </root>
        </classPath>
        <javadocPath>
          <root type="composite" />
        </javadocPath>
        <sourcePath>
          <root type="composite">
            <root url="jar://$USER_HOME$/Library/Java/JavaVirtualMachines/openjdk-23.0.2/Contents/Home/lib/src.zip!/java.se" type="simple" />
            <root url="jar://$USER_HOME$/Library/Java/JavaVirtualMachines/openjdk-23.0.2/Contents/Home/lib/src.zip!/jdk.jdi" type="simple" />
            <root url="jar://$USER_HOME$/Library/Java/JavaVirtualMachines/openjdk-23.0.2/Contents/Home/lib/src.zip!/jdk.jfr" type="simple" />
            <root url="jar://$USER_HOME$/Library/Java/JavaVirtualMachines/openjdk-23.0.2/Contents/Home/lib/src.zip!/jdk.net" type="simple" />
            <root url="jar://$USER_HOME$/Library/Java/JavaVirtualMachines/openjdk-23.0.2/Contents/Home/lib/src.zip!/java.rmi" type="simple" />
            <root url="jar://$USER_HOME$/Library/Java/JavaVirtualMachines/openjdk-23.0.2/Contents/Home/lib/src.zip!/java.sql" type="simple" />
            <root url="jar://$USER_HOME$/Library/Java/JavaVirtualMachines/openjdk-23.0.2/Contents/Home/lib/src.zip!/java.xml" type="simple" />
            <root url="jar://$USER_HOME$/Library/Java/JavaVirtualMachines/openjdk-23.0.2/Contents/Home/lib/src.zip!/jdk.jcmd" type="simple" />
            <root url="jar://$USER_HOME$/Library/Java/JavaVirtualMachines/openjdk-23.0.2/Contents/Home/lib/src.zip!/jdk.sctp" type="simple" />
            <root url="jar://$USER_HOME$/Library/Java/JavaVirtualMachines/openjdk-23.0.2/Contents/Home/lib/src.zip!/java.base" type="simple" />
            <root url="jar://$USER_HOME$/Library/Java/JavaVirtualMachines/openjdk-23.0.2/Contents/Home/lib/src.zip!/jdk.jdeps" type="simple" />
            <root url="jar://$USER_HOME$/Library/Java/JavaVirtualMachines/openjdk-23.0.2/Contents/Home/lib/src.zip!/jdk.jlink" type="simple" />
            <root url="jar://$USER_HOME$/Library/Java/JavaVirtualMachines/openjdk-23.0.2/Contents/Home/lib/src.zip!/jdk.zipfs" type="simple" />
            <root url="jar://$USER_HOME$/Library/Java/JavaVirtualMachines/openjdk-23.0.2/Contents/Home/lib/src.zip!/java.prefs" type="simple" />
            <root url="jar://$USER_HOME$/Library/Java/JavaVirtualMachines/openjdk-23.0.2/Contents/Home/lib/src.zip!/jdk.attach" type="simple" />
            <root url="jar://$USER_HOME$/Library/Java/JavaVirtualMachines/openjdk-23.0.2/Contents/Home/lib/src.zip!/jdk.jshell" type="simple" />
            <root url="jar://$USER_HOME$/Library/Java/JavaVirtualMachines/openjdk-23.0.2/Contents/Home/lib/src.zip!/jdk.jstatd" type="simple" />
            <root url="jar://$USER_HOME$/Library/Java/JavaVirtualMachines/openjdk-23.0.2/Contents/Home/lib/src.zip!/java.naming" type="simple" />
            <root url="jar://$USER_HOME$/Library/Java/JavaVirtualMachines/openjdk-23.0.2/Contents/Home/lib/src.zip!/jdk.editpad" type="simple" />
            <root url="jar://$USER_HOME$/Library/Java/JavaVirtualMachines/openjdk-23.0.2/Contents/Home/lib/src.zip!/jdk.jartool" type="simple" />
            <root url="jar://$USER_HOME$/Library/Java/JavaVirtualMachines/openjdk-23.0.2/Contents/Home/lib/src.zip!/jdk.javadoc" type="simple" />
            <root url="jar://$USER_HOME$/Library/Java/JavaVirtualMachines/openjdk-23.0.2/Contents/Home/lib/src.zip!/jdk.xml.dom" type="simple" />
            <root url="jar://$USER_HOME$/Library/Java/JavaVirtualMachines/openjdk-23.0.2/Contents/Home/lib/src.zip!/java.desktop" type="simple" />
            <root url="jar://$USER_HOME$/Library/Java/JavaVirtualMachines/openjdk-23.0.2/Contents/Home/lib/src.zip!/java.logging" type="simple" />
            <root url="jar://$USER_HOME$/Library/Java/JavaVirtualMachines/openjdk-23.0.2/Contents/Home/lib/src.zip!/jdk.charsets" type="simple" />
            <root url="jar://$USER_HOME$/Library/Java/JavaVirtualMachines/openjdk-23.0.2/Contents/Home/lib/src.zip!/jdk.compiler" type="simple" />
            <root url="jar://$USER_HOME$/Library/Java/JavaVirtualMachines/openjdk-23.0.2/Contents/Home/lib/src.zip!/jdk.dynalink" type="simple" />
            <root url="jar://$USER_HOME$/Library/Java/JavaVirtualMachines/openjdk-23.0.2/Contents/Home/lib/src.zip!/jdk.jconsole" type="simple" />
            <root url="jar://$USER_HOME$/Library/Java/JavaVirtualMachines/openjdk-23.0.2/Contents/Home/lib/src.zip!/jdk.jpackage" type="simple" />
            <root url="jar://$USER_HOME$/Library/Java/JavaVirtualMachines/openjdk-23.0.2/Contents/Home/lib/src.zip!/jdk.jsobject" type="simple" />
            <root url="jar://$USER_HOME$/Library/Java/JavaVirtualMachines/openjdk-23.0.2/Contents/Home/lib/src.zip!/java.compiler" type="simple" />
            <root url="jar://$USER_HOME$/Library/Java/JavaVirtualMachines/openjdk-23.0.2/Contents/Home/lib/src.zip!/java.net.http" type="simple" />
            <root url="jar://$USER_HOME$/Library/Java/JavaVirtualMachines/openjdk-23.0.2/Contents/Home/lib/src.zip!/jdk.crypto.ec" type="simple" />
            <root url="jar://$USER_HOME$/Library/Java/JavaVirtualMachines/openjdk-23.0.2/Contents/Home/lib/src.zip!/java.scripting" type="simple" />
            <root url="jar://$USER_HOME$/Library/Java/JavaVirtualMachines/openjdk-23.0.2/Contents/Home/lib/src.zip!/jdk.httpserver" type="simple" />
            <root url="jar://$USER_HOME$/Library/Java/JavaVirtualMachines/openjdk-23.0.2/Contents/Home/lib/src.zip!/jdk.jdwp.agent" type="simple" />
            <root url="jar://$USER_HOME$/Library/Java/JavaVirtualMachines/openjdk-23.0.2/Contents/Home/lib/src.zip!/jdk.localedata" type="simple" />
            <root url="jar://$USER_HOME$/Library/Java/JavaVirtualMachines/openjdk-23.0.2/Contents/Home/lib/src.zip!/jdk.management" type="simple" />
            <root url="jar://$USER_HOME$/Library/Java/JavaVirtualMachines/openjdk-23.0.2/Contents/Home/lib/src.zip!/jdk.naming.dns" type="simple" />
            <root url="jar://$USER_HOME$/Library/Java/JavaVirtualMachines/openjdk-23.0.2/Contents/Home/lib/src.zip!/jdk.naming.rmi" type="simple" />
            <root url="jar://$USER_HOME$/Library/Java/JavaVirtualMachines/openjdk-23.0.2/Contents/Home/lib/src.zip!/java.instrument" type="simple" />
            <root url="jar://$USER_HOME$/Library/Java/JavaVirtualMachines/openjdk-23.0.2/Contents/Home/lib/src.zip!/java.management" type="simple" />
            <root url="jar://$USER_HOME$/Library/Java/JavaVirtualMachines/openjdk-23.0.2/Contents/Home/lib/src.zip!/java.sql.rowset" type="simple" />
            <root url="jar://$USER_HOME$/Library/Java/JavaVirtualMachines/openjdk-23.0.2/Contents/Home/lib/src.zip!/java.xml.crypto" type="simple" />
            <root url="jar://$USER_HOME$/Library/Java/JavaVirtualMachines/openjdk-23.0.2/Contents/Home/lib/src.zip!/jdk.internal.ed" type="simple" />
            <root url="jar://$USER_HOME$/Library/Java/JavaVirtualMachines/openjdk-23.0.2/Contents/Home/lib/src.zip!/jdk.internal.le" type="simple" />
            <root url="jar://$USER_HOME$/Library/Java/JavaVirtualMachines/openjdk-23.0.2/Contents/Home/lib/src.zip!/jdk.internal.md" type="simple" />
            <root url="jar://$USER_HOME$/Library/Java/JavaVirtualMachines/openjdk-23.0.2/Contents/Home/lib/src.zip!/jdk.nio.mapmode" type="simple" />
            <root url="jar://$USER_HOME$/Library/Java/JavaVirtualMachines/openjdk-23.0.2/Contents/Home/lib/src.zip!/jdk.unsupported" type="simple" />
            <root url="jar://$USER_HOME$/Library/Java/JavaVirtualMachines/openjdk-23.0.2/Contents/Home/lib/src.zip!/java.smartcardio" type="simple" />
            <root url="jar://$USER_HOME$/Library/Java/JavaVirtualMachines/openjdk-23.0.2/Contents/Home/lib/src.zip!/jdk.internal.opt" type="simple" />
            <root url="jar://$USER_HOME$/Library/Java/JavaVirtualMachines/openjdk-23.0.2/Contents/Home/lib/src.zip!/java.datatransfer" type="simple" />
            <root url="jar://$USER_HOME$/Library/Java/JavaVirtualMachines/openjdk-23.0.2/Contents/Home/lib/src.zip!/jdk.accessibility" type="simple" />
            <root url="jar://$USER_HOME$/Library/Java/JavaVirtualMachines/openjdk-23.0.2/Contents/Home/lib/src.zip!/jdk.hotspot.agent" type="simple" />
            <root url="jar://$USER_HOME$/Library/Java/JavaVirtualMachines/openjdk-23.0.2/Contents/Home/lib/src.zip!/jdk.security.auth" type="simple" />
            <root url="jar://$USER_HOME$/Library/Java/JavaVirtualMachines/openjdk-23.0.2/Contents/Home/lib/src.zip!/jdk.security.jgss" type="simple" />
            <root url="jar://$USER_HOME$/Library/Java/JavaVirtualMachines/openjdk-23.0.2/Contents/Home/lib/src.zip!/java.security.jgss" type="simple" />
            <root url="jar://$USER_HOME$/Library/Java/JavaVirtualMachines/openjdk-23.0.2/Contents/Home/lib/src.zip!/java.security.sasl" type="simple" />
            <root url="jar://$USER_HOME$/Library/Java/JavaVirtualMachines/openjdk-23.0.2/Contents/Home/lib/src.zip!/jdk.graal.compiler" type="simple" />
            <root url="jar://$USER_HOME$/Library/Java/JavaVirtualMachines/openjdk-23.0.2/Contents/Home/lib/src.zip!/jdk.internal.vm.ci" type="simple" />
            <root url="jar://$USER_HOME$/Library/Java/JavaVirtualMachines/openjdk-23.0.2/Contents/Home/lib/src.zip!/jdk.management.jfr" type="simple" />
            <root url="jar://$USER_HOME$/Library/Java/JavaVirtualMachines/openjdk-23.0.2/Contents/Home/lib/src.zip!/java.management.rmi" type="simple" />
            <root url="jar://$USER_HOME$/Library/Java/JavaVirtualMachines/openjdk-23.0.2/Contents/Home/lib/src.zip!/java.transaction.xa" type="simple" />
            <root url="jar://$USER_HOME$/Library/Java/JavaVirtualMachines/openjdk-23.0.2/Contents/Home/lib/src.zip!/jdk.crypto.cryptoki" type="simple" />
            <root url="jar://$USER_HOME$/Library/Java/JavaVirtualMachines/openjdk-23.0.2/Contents/Home/lib/src.zip!/jdk.incubator.vector" type="simple" />
            <root url="jar://$USER_HOME$/Library/Java/JavaVirtualMachines/openjdk-23.0.2/Contents/Home/lib/src.zip!/jdk.internal.jvmstat" type="simple" />
            <root url="jar://$USER_HOME$/Library/Java/JavaVirtualMachines/openjdk-23.0.2/Contents/Home/lib/src.zip!/jdk.management.agent" type="simple" />
            <root url="jar://$USER_HOME$/Library/Java/JavaVirtualMachines/openjdk-23.0.2/Contents/Home/lib/src.zip!/jdk.unsupported.desktop" type="simple" />
            <root url="jar://$USER_HOME$/Library/Java/JavaVirtualMachines/openjdk-23.0.2/Contents/Home/lib/src.zip!/jdk.graal.compiler.management" type="simple" />
          </root>
        </sourcePath>
      </roots>
    </jdk>
    <jdk version="2">
      <name value="Python 3.9" />
      <type value="Python SDK" />
      <version value="Python 3.9.6" />
      <homePath value="/usr/bin/python3" />
      <roots>
        <annotationsPath>
          <root type="composite" />
        </annotationsPath>
        <classPath>
          <root type="composite">
            <root url="file:///Library/Developer/CommandLineTools/Library/Frameworks/Python3.framework/Versions/3.9/lib/python3.9" type="simple" />
            <root url="file:///Library/Developer/CommandLineTools/Library/Frameworks/Python3.framework/Versions/3.9/lib/python3.9/lib-dynload" type="simple" />
            <root url="file://$USER_HOME$/Library/Python/3.9/lib/python/site-packages" type="simple" />
            <root url="file:///Library/Developer/CommandLineTools/Library/Frameworks/Python3.framework/Versions/3.9/lib/python3.9/site-packages" type="simple" />
            <root url="file:///Library/Python/3.9/site-packages" type="simple" />
            <root url="file://$USER_HOME$/Library/Caches/JetBrains/IntelliJIdea2025.1/python_stubs/-2066100795" type="simple" />
            <root url="file://$APPLICATION_PLUGINS_DIR$/python-ce/helpers/python-skeletons" type="simple" />
            <root url="file://$APPLICATION_PLUGINS_DIR$/python-ce/helpers/typeshed/stdlib" type="simple" />
            <root url="file://$APPLICATION_PLUGINS_DIR$/python-ce/helpers/typeshed/stubs/six" type="simple" />
            <root url="file://$APPLICATION_PLUGINS_DIR$/python-ce/helpers/typeshed/stubs/cffi" type="simple" />
            <root url="file://$APPLICATION_PLUGINS_DIR$/python-ce/helpers/typeshed/stubs/pytz" type="simple" />
            <root url="file://$APPLICATION_PLUGINS_DIR$/python-ce/helpers/typeshed/stubs/psutil" type="simple" />
            <root url="file://$APPLICATION_PLUGINS_DIR$/python-ce/helpers/typeshed/stubs/PyYAML" type="simple" />
            <root url="file://$APPLICATION_PLUGINS_DIR$/python-ce/helpers/typeshed/stubs/PyMySQL" type="simple" />
            <root url="file://$APPLICATION_PLUGINS_DIR$/python-ce/helpers/typeshed/stubs/WTForms" type="simple" />
            <root url="file://$APPLICATION_PLUGINS_DIR$/python-ce/helpers/typeshed/stubs/colorama" type="simple" />
            <root url="file://$APPLICATION_PLUGINS_DIR$/python-ce/helpers/typeshed/stubs/croniter" type="simple" />
            <root url="file://$APPLICATION_PLUGINS_DIR$/python-ce/helpers/typeshed/stubs/jmespath" type="simple" />
            <root url="file://$APPLICATION_PLUGINS_DIR$/python-ce/helpers/typeshed/stubs/Pygments" type="simple" />
            <root url="file://$APPLICATION_PLUGINS_DIR$/python-ce/helpers/typeshed/stubs/requests" type="simple" />
            <root url="file://$APPLICATION_PLUGINS_DIR$/python-ce/helpers/typeshed/stubs/tabulate" type="simple" />
            <root url="file://$APPLICATION_PLUGINS_DIR$/python-ce/helpers/typeshed/stubs/Deprecated" type="simple" />
            <root url="file://$APPLICATION_PLUGINS_DIR$/python-ce/helpers/typeshed/stubs/jsonschema" type="simple" />
            <root url="file://$APPLICATION_PLUGINS_DIR$/python-ce/helpers/typeshed/stubs/setuptools" type="simple" />
            <root url="file://$APPLICATION_PLUGINS_DIR$/python-ce/helpers/typeshed/stubs/SQLAlchemy" type="simple" />
            <root url="file://$APPLICATION_PLUGINS_DIR$/python-ce/helpers/typeshed/stubs/beautifulsoup4" type="simple" />
            <root url="file://$APPLICATION_PLUGINS_DIR$/python-ce/helpers/typeshed/stubs/python-slugify" type="simple" />
            <root url="file://$APPLICATION_PLUGINS_DIR$/python-ce/helpers/typeshed/stubs/mypy-extensions" type="simple" />
            <root url="file://$APPLICATION_PLUGINS_DIR$/python-ce/helpers/typeshed/stubs/python-dateutil" type="simple" />
            <root url="file://$APPLICATION_PLUGINS_DIR$/python-ce/helpers/typeshed/stubs/Flask-SQLAlchemy" type="simple" />
          </root>
        </classPath>
        <javadocPath>
          <root type="composite" />
        </javadocPath>
        <sourcePath>
          <root type="composite" />
        </sourcePath>
      </roots>
      <additional SDK_UUID="d8a78730-4554-4a3d-88ab-24a4472adc30">
        <setting name="FLAVOR_ID" value="MacPythonSdkFlavor" />
        <setting name="FLAVOR_DATA" value="{}" />
      </additional>
    </jdk>
    <jdk version="2">
      <name value="corretto-17" />
      <type value="JavaSDK" />
      <version value="Amazon Corretto 17.0.13 - aarch64" />
      <homePath value="$USER_HOME$/Library/Java/JavaVirtualMachines/corretto-17.0.13/Contents/Home" />
      <roots>
        <annotationsPath>
          <root type="composite">
            <root url="jar://$APPLICATION_HOME_DIR$/plugins/java/lib/resources/jdkAnnotations.jar!/" type="simple" />
          </root>
        </annotationsPath>
        <classPath>
          <root type="composite">
            <root url="jrt://$USER_HOME$/Library/Java/JavaVirtualMachines/corretto-17.0.13/Contents/Home!/java.base" type="simple" />
            <root url="jrt://$USER_HOME$/Library/Java/JavaVirtualMachines/corretto-17.0.13/Contents/Home!/java.compiler" type="simple" />
            <root url="jrt://$USER_HOME$/Library/Java/JavaVirtualMachines/corretto-17.0.13/Contents/Home!/java.datatransfer" type="simple" />
            <root url="jrt://$USER_HOME$/Library/Java/JavaVirtualMachines/corretto-17.0.13/Contents/Home!/java.desktop" type="simple" />
            <root url="jrt://$USER_HOME$/Library/Java/JavaVirtualMachines/corretto-17.0.13/Contents/Home!/java.instrument" type="simple" />
            <root url="jrt://$USER_HOME$/Library/Java/JavaVirtualMachines/corretto-17.0.13/Contents/Home!/java.logging" type="simple" />
            <root url="jrt://$USER_HOME$/Library/Java/JavaVirtualMachines/corretto-17.0.13/Contents/Home!/java.management" type="simple" />
            <root url="jrt://$USER_HOME$/Library/Java/JavaVirtualMachines/corretto-17.0.13/Contents/Home!/java.management.rmi" type="simple" />
            <root url="jrt://$USER_HOME$/Library/Java/JavaVirtualMachines/corretto-17.0.13/Contents/Home!/java.naming" type="simple" />
            <root url="jrt://$USER_HOME$/Library/Java/JavaVirtualMachines/corretto-17.0.13/Contents/Home!/java.net.http" type="simple" />
            <root url="jrt://$USER_HOME$/Library/Java/JavaVirtualMachines/corretto-17.0.13/Contents/Home!/java.prefs" type="simple" />
            <root url="jrt://$USER_HOME$/Library/Java/JavaVirtualMachines/corretto-17.0.13/Contents/Home!/java.rmi" type="simple" />
            <root url="jrt://$USER_HOME$/Library/Java/JavaVirtualMachines/corretto-17.0.13/Contents/Home!/java.scripting" type="simple" />
            <root url="jrt://$USER_HOME$/Library/Java/JavaVirtualMachines/corretto-17.0.13/Contents/Home!/java.se" type="simple" />
            <root url="jrt://$USER_HOME$/Library/Java/JavaVirtualMachines/corretto-17.0.13/Contents/Home!/java.security.jgss" type="simple" />
            <root url="jrt://$USER_HOME$/Library/Java/JavaVirtualMachines/corretto-17.0.13/Contents/Home!/java.security.sasl" type="simple" />
            <root url="jrt://$USER_HOME$/Library/Java/JavaVirtualMachines/corretto-17.0.13/Contents/Home!/java.smartcardio" type="simple" />
            <root url="jrt://$USER_HOME$/Library/Java/JavaVirtualMachines/corretto-17.0.13/Contents/Home!/java.sql" type="simple" />
            <root url="jrt://$USER_HOME$/Library/Java/JavaVirtualMachines/corretto-17.0.13/Contents/Home!/java.sql.rowset" type="simple" />
            <root url="jrt://$USER_HOME$/Library/Java/JavaVirtualMachines/corretto-17.0.13/Contents/Home!/java.transaction.xa" type="simple" />
            <root url="jrt://$USER_HOME$/Library/Java/JavaVirtualMachines/corretto-17.0.13/Contents/Home!/java.xml" type="simple" />
            <root url="jrt://$USER_HOME$/Library/Java/JavaVirtualMachines/corretto-17.0.13/Contents/Home!/java.xml.crypto" type="simple" />
            <root url="jrt://$USER_HOME$/Library/Java/JavaVirtualMachines/corretto-17.0.13/Contents/Home!/jdk.accessibility" type="simple" />
            <root url="jrt://$USER_HOME$/Library/Java/JavaVirtualMachines/corretto-17.0.13/Contents/Home!/jdk.attach" type="simple" />
            <root url="jrt://$USER_HOME$/Library/Java/JavaVirtualMachines/corretto-17.0.13/Contents/Home!/jdk.charsets" type="simple" />
            <root url="jrt://$USER_HOME$/Library/Java/JavaVirtualMachines/corretto-17.0.13/Contents/Home!/jdk.compiler" type="simple" />
            <root url="jrt://$USER_HOME$/Library/Java/JavaVirtualMachines/corretto-17.0.13/Contents/Home!/jdk.crypto.cryptoki" type="simple" />
            <root url="jrt://$USER_HOME$/Library/Java/JavaVirtualMachines/corretto-17.0.13/Contents/Home!/jdk.crypto.ec" type="simple" />
            <root url="jrt://$USER_HOME$/Library/Java/JavaVirtualMachines/corretto-17.0.13/Contents/Home!/jdk.dynalink" type="simple" />
            <root url="jrt://$USER_HOME$/Library/Java/JavaVirtualMachines/corretto-17.0.13/Contents/Home!/jdk.editpad" type="simple" />
            <root url="jrt://$USER_HOME$/Library/Java/JavaVirtualMachines/corretto-17.0.13/Contents/Home!/jdk.hotspot.agent" type="simple" />
            <root url="jrt://$USER_HOME$/Library/Java/JavaVirtualMachines/corretto-17.0.13/Contents/Home!/jdk.httpserver" type="simple" />
            <root url="jrt://$USER_HOME$/Library/Java/JavaVirtualMachines/corretto-17.0.13/Contents/Home!/jdk.incubator.foreign" type="simple" />
            <root url="jrt://$USER_HOME$/Library/Java/JavaVirtualMachines/corretto-17.0.13/Contents/Home!/jdk.incubator.vector" type="simple" />
            <root url="jrt://$USER_HOME$/Library/Java/JavaVirtualMachines/corretto-17.0.13/Contents/Home!/jdk.internal.ed" type="simple" />
            <root url="jrt://$USER_HOME$/Library/Java/JavaVirtualMachines/corretto-17.0.13/Contents/Home!/jdk.internal.jvmstat" type="simple" />
            <root url="jrt://$USER_HOME$/Library/Java/JavaVirtualMachines/corretto-17.0.13/Contents/Home!/jdk.internal.le" type="simple" />
            <root url="jrt://$USER_HOME$/Library/Java/JavaVirtualMachines/corretto-17.0.13/Contents/Home!/jdk.internal.opt" type="simple" />
            <root url="jrt://$USER_HOME$/Library/Java/JavaVirtualMachines/corretto-17.0.13/Contents/Home!/jdk.internal.vm.ci" type="simple" />
            <root url="jrt://$USER_HOME$/Library/Java/JavaVirtualMachines/corretto-17.0.13/Contents/Home!/jdk.internal.vm.compiler" type="simple" />
            <root url="jrt://$USER_HOME$/Library/Java/JavaVirtualMachines/corretto-17.0.13/Contents/Home!/jdk.internal.vm.compiler.management" type="simple" />
            <root url="jrt://$USER_HOME$/Library/Java/JavaVirtualMachines/corretto-17.0.13/Contents/Home!/jdk.jartool" type="simple" />
            <root url="jrt://$USER_HOME$/Library/Java/JavaVirtualMachines/corretto-17.0.13/Contents/Home!/jdk.javadoc" type="simple" />
            <root url="jrt://$USER_HOME$/Library/Java/JavaVirtualMachines/corretto-17.0.13/Contents/Home!/jdk.jcmd" type="simple" />
            <root url="jrt://$USER_HOME$/Library/Java/JavaVirtualMachines/corretto-17.0.13/Contents/Home!/jdk.jconsole" type="simple" />
            <root url="jrt://$USER_HOME$/Library/Java/JavaVirtualMachines/corretto-17.0.13/Contents/Home!/jdk.jdeps" type="simple" />
            <root url="jrt://$USER_HOME$/Library/Java/JavaVirtualMachines/corretto-17.0.13/Contents/Home!/jdk.jdi" type="simple" />
            <root url="jrt://$USER_HOME$/Library/Java/JavaVirtualMachines/corretto-17.0.13/Contents/Home!/jdk.jdwp.agent" type="simple" />
            <root url="jrt://$USER_HOME$/Library/Java/JavaVirtualMachines/corretto-17.0.13/Contents/Home!/jdk.jfr" type="simple" />
            <root url="jrt://$USER_HOME$/Library/Java/JavaVirtualMachines/corretto-17.0.13/Contents/Home!/jdk.jlink" type="simple" />
            <root url="jrt://$USER_HOME$/Library/Java/JavaVirtualMachines/corretto-17.0.13/Contents/Home!/jdk.jpackage" type="simple" />
            <root url="jrt://$USER_HOME$/Library/Java/JavaVirtualMachines/corretto-17.0.13/Contents/Home!/jdk.jshell" type="simple" />
            <root url="jrt://$USER_HOME$/Library/Java/JavaVirtualMachines/corretto-17.0.13/Contents/Home!/jdk.jsobject" type="simple" />
            <root url="jrt://$USER_HOME$/Library/Java/JavaVirtualMachines/corretto-17.0.13/Contents/Home!/jdk.jstatd" type="simple" />
            <root url="jrt://$USER_HOME$/Library/Java/JavaVirtualMachines/corretto-17.0.13/Contents/Home!/jdk.localedata" type="simple" />
            <root url="jrt://$USER_HOME$/Library/Java/JavaVirtualMachines/corretto-17.0.13/Contents/Home!/jdk.management" type="simple" />
            <root url="jrt://$USER_HOME$/Library/Java/JavaVirtualMachines/corretto-17.0.13/Contents/Home!/jdk.management.agent" type="simple" />
            <root url="jrt://$USER_HOME$/Library/Java/JavaVirtualMachines/corretto-17.0.13/Contents/Home!/jdk.management.jfr" type="simple" />
            <root url="jrt://$USER_HOME$/Library/Java/JavaVirtualMachines/corretto-17.0.13/Contents/Home!/jdk.naming.dns" type="simple" />
            <root url="jrt://$USER_HOME$/Library/Java/JavaVirtualMachines/corretto-17.0.13/Contents/Home!/jdk.naming.rmi" type="simple" />
            <root url="jrt://$USER_HOME$/Library/Java/JavaVirtualMachines/corretto-17.0.13/Contents/Home!/jdk.net" type="simple" />
            <root url="jrt://$USER_HOME$/Library/Java/JavaVirtualMachines/corretto-17.0.13/Contents/Home!/jdk.nio.mapmode" type="simple" />
            <root url="jrt://$USER_HOME$/Library/Java/JavaVirtualMachines/corretto-17.0.13/Contents/Home!/jdk.random" type="simple" />
            <root url="jrt://$USER_HOME$/Library/Java/JavaVirtualMachines/corretto-17.0.13/Contents/Home!/jdk.sctp" type="simple" />
            <root url="jrt://$USER_HOME$/Library/Java/JavaVirtualMachines/corretto-17.0.13/Contents/Home!/jdk.security.auth" type="simple" />
            <root url="jrt://$USER_HOME$/Library/Java/JavaVirtualMachines/corretto-17.0.13/Contents/Home!/jdk.security.jgss" type="simple" />
            <root url="jrt://$USER_HOME$/Library/Java/JavaVirtualMachines/corretto-17.0.13/Contents/Home!/jdk.unsupported" type="simple" />
            <root url="jrt://$USER_HOME$/Library/Java/JavaVirtualMachines/corretto-17.0.13/Contents/Home!/jdk.unsupported.desktop" type="simple" />
            <root url="jrt://$USER_HOME$/Library/Java/JavaVirtualMachines/corretto-17.0.13/Contents/Home!/jdk.xml.dom" type="simple" />
            <root url="jrt://$USER_HOME$/Library/Java/JavaVirtualMachines/corretto-17.0.13/Contents/Home!/jdk.zipfs" type="simple" />
          </root>
        </classPath>
        <javadocPath>
          <root type="composite" />
        </javadocPath>
        <sourcePath>
          <root type="composite">
            <root url="jar://$USER_HOME$/Library/Java/JavaVirtualMachines/corretto-17.0.13/Contents/Home/lib/src.zip!/java.se" type="simple" />
            <root url="jar://$USER_HOME$/Library/Java/JavaVirtualMachines/corretto-17.0.13/Contents/Home/lib/src.zip!/jdk.jdi" type="simple" />
            <root url="jar://$USER_HOME$/Library/Java/JavaVirtualMachines/corretto-17.0.13/Contents/Home/lib/src.zip!/jdk.jfr" type="simple" />
            <root url="jar://$USER_HOME$/Library/Java/JavaVirtualMachines/corretto-17.0.13/Contents/Home/lib/src.zip!/jdk.net" type="simple" />
            <root url="jar://$USER_HOME$/Library/Java/JavaVirtualMachines/corretto-17.0.13/Contents/Home/lib/src.zip!/java.rmi" type="simple" />
            <root url="jar://$USER_HOME$/Library/Java/JavaVirtualMachines/corretto-17.0.13/Contents/Home/lib/src.zip!/java.sql" type="simple" />
            <root url="jar://$USER_HOME$/Library/Java/JavaVirtualMachines/corretto-17.0.13/Contents/Home/lib/src.zip!/java.xml" type="simple" />
            <root url="jar://$USER_HOME$/Library/Java/JavaVirtualMachines/corretto-17.0.13/Contents/Home/lib/src.zip!/jdk.jcmd" type="simple" />
            <root url="jar://$USER_HOME$/Library/Java/JavaVirtualMachines/corretto-17.0.13/Contents/Home/lib/src.zip!/jdk.sctp" type="simple" />
            <root url="jar://$USER_HOME$/Library/Java/JavaVirtualMachines/corretto-17.0.13/Contents/Home/lib/src.zip!/java.base" type="simple" />
            <root url="jar://$USER_HOME$/Library/Java/JavaVirtualMachines/corretto-17.0.13/Contents/Home/lib/src.zip!/jdk.jdeps" type="simple" />
            <root url="jar://$USER_HOME$/Library/Java/JavaVirtualMachines/corretto-17.0.13/Contents/Home/lib/src.zip!/jdk.jlink" type="simple" />
            <root url="jar://$USER_HOME$/Library/Java/JavaVirtualMachines/corretto-17.0.13/Contents/Home/lib/src.zip!/jdk.zipfs" type="simple" />
            <root url="jar://$USER_HOME$/Library/Java/JavaVirtualMachines/corretto-17.0.13/Contents/Home/lib/src.zip!/java.prefs" type="simple" />
            <root url="jar://$USER_HOME$/Library/Java/JavaVirtualMachines/corretto-17.0.13/Contents/Home/lib/src.zip!/jdk.attach" type="simple" />
            <root url="jar://$USER_HOME$/Library/Java/JavaVirtualMachines/corretto-17.0.13/Contents/Home/lib/src.zip!/jdk.jshell" type="simple" />
            <root url="jar://$USER_HOME$/Library/Java/JavaVirtualMachines/corretto-17.0.13/Contents/Home/lib/src.zip!/jdk.jstatd" type="simple" />
            <root url="jar://$USER_HOME$/Library/Java/JavaVirtualMachines/corretto-17.0.13/Contents/Home/lib/src.zip!/jdk.random" type="simple" />
            <root url="jar://$USER_HOME$/Library/Java/JavaVirtualMachines/corretto-17.0.13/Contents/Home/lib/src.zip!/java.naming" type="simple" />
            <root url="jar://$USER_HOME$/Library/Java/JavaVirtualMachines/corretto-17.0.13/Contents/Home/lib/src.zip!/jdk.editpad" type="simple" />
            <root url="jar://$USER_HOME$/Library/Java/JavaVirtualMachines/corretto-17.0.13/Contents/Home/lib/src.zip!/jdk.jartool" type="simple" />
            <root url="jar://$USER_HOME$/Library/Java/JavaVirtualMachines/corretto-17.0.13/Contents/Home/lib/src.zip!/jdk.javadoc" type="simple" />
            <root url="jar://$USER_HOME$/Library/Java/JavaVirtualMachines/corretto-17.0.13/Contents/Home/lib/src.zip!/jdk.xml.dom" type="simple" />
            <root url="jar://$USER_HOME$/Library/Java/JavaVirtualMachines/corretto-17.0.13/Contents/Home/lib/src.zip!/java.desktop" type="simple" />
            <root url="jar://$USER_HOME$/Library/Java/JavaVirtualMachines/corretto-17.0.13/Contents/Home/lib/src.zip!/java.logging" type="simple" />
            <root url="jar://$USER_HOME$/Library/Java/JavaVirtualMachines/corretto-17.0.13/Contents/Home/lib/src.zip!/jdk.charsets" type="simple" />
            <root url="jar://$USER_HOME$/Library/Java/JavaVirtualMachines/corretto-17.0.13/Contents/Home/lib/src.zip!/jdk.compiler" type="simple" />
            <root url="jar://$USER_HOME$/Library/Java/JavaVirtualMachines/corretto-17.0.13/Contents/Home/lib/src.zip!/jdk.dynalink" type="simple" />
            <root url="jar://$USER_HOME$/Library/Java/JavaVirtualMachines/corretto-17.0.13/Contents/Home/lib/src.zip!/jdk.jconsole" type="simple" />
            <root url="jar://$USER_HOME$/Library/Java/JavaVirtualMachines/corretto-17.0.13/Contents/Home/lib/src.zip!/jdk.jpackage" type="simple" />
            <root url="jar://$USER_HOME$/Library/Java/JavaVirtualMachines/corretto-17.0.13/Contents/Home/lib/src.zip!/jdk.jsobject" type="simple" />
            <root url="jar://$USER_HOME$/Library/Java/JavaVirtualMachines/corretto-17.0.13/Contents/Home/lib/src.zip!/java.compiler" type="simple" />
            <root url="jar://$USER_HOME$/Library/Java/JavaVirtualMachines/corretto-17.0.13/Contents/Home/lib/src.zip!/java.net.http" type="simple" />
            <root url="jar://$USER_HOME$/Library/Java/JavaVirtualMachines/corretto-17.0.13/Contents/Home/lib/src.zip!/jdk.crypto.ec" type="simple" />
            <root url="jar://$USER_HOME$/Library/Java/JavaVirtualMachines/corretto-17.0.13/Contents/Home/lib/src.zip!/java.scripting" type="simple" />
            <root url="jar://$USER_HOME$/Library/Java/JavaVirtualMachines/corretto-17.0.13/Contents/Home/lib/src.zip!/jdk.httpserver" type="simple" />
            <root url="jar://$USER_HOME$/Library/Java/JavaVirtualMachines/corretto-17.0.13/Contents/Home/lib/src.zip!/jdk.jdwp.agent" type="simple" />
            <root url="jar://$USER_HOME$/Library/Java/JavaVirtualMachines/corretto-17.0.13/Contents/Home/lib/src.zip!/jdk.localedata" type="simple" />
            <root url="jar://$USER_HOME$/Library/Java/JavaVirtualMachines/corretto-17.0.13/Contents/Home/lib/src.zip!/jdk.management" type="simple" />
            <root url="jar://$USER_HOME$/Library/Java/JavaVirtualMachines/corretto-17.0.13/Contents/Home/lib/src.zip!/jdk.naming.dns" type="simple" />
            <root url="jar://$USER_HOME$/Library/Java/JavaVirtualMachines/corretto-17.0.13/Contents/Home/lib/src.zip!/jdk.naming.rmi" type="simple" />
            <root url="jar://$USER_HOME$/Library/Java/JavaVirtualMachines/corretto-17.0.13/Contents/Home/lib/src.zip!/java.instrument" type="simple" />
            <root url="jar://$USER_HOME$/Library/Java/JavaVirtualMachines/corretto-17.0.13/Contents/Home/lib/src.zip!/java.management" type="simple" />
            <root url="jar://$USER_HOME$/Library/Java/JavaVirtualMachines/corretto-17.0.13/Contents/Home/lib/src.zip!/java.sql.rowset" type="simple" />
            <root url="jar://$USER_HOME$/Library/Java/JavaVirtualMachines/corretto-17.0.13/Contents/Home/lib/src.zip!/java.xml.crypto" type="simple" />
            <root url="jar://$USER_HOME$/Library/Java/JavaVirtualMachines/corretto-17.0.13/Contents/Home/lib/src.zip!/jdk.internal.ed" type="simple" />
            <root url="jar://$USER_HOME$/Library/Java/JavaVirtualMachines/corretto-17.0.13/Contents/Home/lib/src.zip!/jdk.internal.le" type="simple" />
            <root url="jar://$USER_HOME$/Library/Java/JavaVirtualMachines/corretto-17.0.13/Contents/Home/lib/src.zip!/jdk.nio.mapmode" type="simple" />
            <root url="jar://$USER_HOME$/Library/Java/JavaVirtualMachines/corretto-17.0.13/Contents/Home/lib/src.zip!/jdk.unsupported" type="simple" />
            <root url="jar://$USER_HOME$/Library/Java/JavaVirtualMachines/corretto-17.0.13/Contents/Home/lib/src.zip!/java.smartcardio" type="simple" />
            <root url="jar://$USER_HOME$/Library/Java/JavaVirtualMachines/corretto-17.0.13/Contents/Home/lib/src.zip!/jdk.internal.opt" type="simple" />
            <root url="jar://$USER_HOME$/Library/Java/JavaVirtualMachines/corretto-17.0.13/Contents/Home/lib/src.zip!/java.datatransfer" type="simple" />
            <root url="jar://$USER_HOME$/Library/Java/JavaVirtualMachines/corretto-17.0.13/Contents/Home/lib/src.zip!/jdk.accessibility" type="simple" />
            <root url="jar://$USER_HOME$/Library/Java/JavaVirtualMachines/corretto-17.0.13/Contents/Home/lib/src.zip!/jdk.hotspot.agent" type="simple" />
            <root url="jar://$USER_HOME$/Library/Java/JavaVirtualMachines/corretto-17.0.13/Contents/Home/lib/src.zip!/jdk.security.auth" type="simple" />
            <root url="jar://$USER_HOME$/Library/Java/JavaVirtualMachines/corretto-17.0.13/Contents/Home/lib/src.zip!/jdk.security.jgss" type="simple" />
            <root url="jar://$USER_HOME$/Library/Java/JavaVirtualMachines/corretto-17.0.13/Contents/Home/lib/src.zip!/java.security.jgss" type="simple" />
            <root url="jar://$USER_HOME$/Library/Java/JavaVirtualMachines/corretto-17.0.13/Contents/Home/lib/src.zip!/java.security.sasl" type="simple" />
            <root url="jar://$USER_HOME$/Library/Java/JavaVirtualMachines/corretto-17.0.13/Contents/Home/lib/src.zip!/jdk.internal.vm.ci" type="simple" />
            <root url="jar://$USER_HOME$/Library/Java/JavaVirtualMachines/corretto-17.0.13/Contents/Home/lib/src.zip!/jdk.management.jfr" type="simple" />
            <root url="jar://$USER_HOME$/Library/Java/JavaVirtualMachines/corretto-17.0.13/Contents/Home/lib/src.zip!/java.management.rmi" type="simple" />
            <root url="jar://$USER_HOME$/Library/Java/JavaVirtualMachines/corretto-17.0.13/Contents/Home/lib/src.zip!/java.transaction.xa" type="simple" />
            <root url="jar://$USER_HOME$/Library/Java/JavaVirtualMachines/corretto-17.0.13/Contents/Home/lib/src.zip!/jdk.crypto.cryptoki" type="simple" />
            <root url="jar://$USER_HOME$/Library/Java/JavaVirtualMachines/corretto-17.0.13/Contents/Home/lib/src.zip!/jdk.incubator.vector" type="simple" />
            <root url="jar://$USER_HOME$/Library/Java/JavaVirtualMachines/corretto-17.0.13/Contents/Home/lib/src.zip!/jdk.internal.jvmstat" type="simple" />
            <root url="jar://$USER_HOME$/Library/Java/JavaVirtualMachines/corretto-17.0.13/Contents/Home/lib/src.zip!/jdk.management.agent" type="simple" />
            <root url="jar://$USER_HOME$/Library/Java/JavaVirtualMachines/corretto-17.0.13/Contents/Home/lib/src.zip!/jdk.incubator.foreign" type="simple" />
            <root url="jar://$USER_HOME$/Library/Java/JavaVirtualMachines/corretto-17.0.13/Contents/Home/lib/src.zip!/jdk.unsupported.desktop" type="simple" />
            <root url="jar://$USER_HOME$/Library/Java/JavaVirtualMachines/corretto-17.0.13/Contents/Home/lib/src.zip!/jdk.internal.vm.compiler" type="simple" />
            <root url="jar://$USER_HOME$/Library/Java/JavaVirtualMachines/corretto-17.0.13/Contents/Home/lib/src.zip!/jdk.internal.vm.compiler.management" type="simple" />
          </root>
        </sourcePath>
      </roots>
    </jdk>
    <jdk version="2">
      <name value="Python 3.9 (python_test)" />
      <type value="Python SDK" />
      <version value="Python 3.9.6" />
      <homePath value="$USER_HOME$/IdeaProjects/python_test/.venv/bin/python" />
      <roots>
        <annotationsPath>
          <root type="composite" />
        </annotationsPath>
        <classPath>
          <root type="composite">
            <root url="file:///Library/Developer/CommandLineTools/Library/Frameworks/Python3.framework/Versions/3.9/lib/python3.9" type="simple" />
            <root url="file:///Library/Developer/CommandLineTools/Library/Frameworks/Python3.framework/Versions/3.9/lib/python3.9/lib-dynload" type="simple" />
            <root url="file://$USER_HOME$/IdeaProjects/python_test/.venv/lib/python3.9/site-packages" type="simple" />
            <root url="file://$USER_HOME$/Library/Caches/JetBrains/IntelliJIdea2025.1/python_stubs/-491797549" type="simple" />
            <root url="file://$APPLICATION_PLUGINS_DIR$/python-ce/helpers/python-skeletons" type="simple" />
            <root url="file://$APPLICATION_PLUGINS_DIR$/python-ce/helpers/typeshed/stdlib" type="simple" />
            <root url="file://$APPLICATION_PLUGINS_DIR$/python-ce/helpers/typeshed/stubs/six" type="simple" />
            <root url="file://$APPLICATION_PLUGINS_DIR$/python-ce/helpers/typeshed/stubs/pytz" type="simple" />
            <root url="file://$APPLICATION_PLUGINS_DIR$/python-ce/helpers/typeshed/stubs/tqdm" type="simple" />
            <root url="file://$APPLICATION_PLUGINS_DIR$/python-ce/helpers/typeshed/stubs/requests" type="simple" />
            <root url="file://$APPLICATION_PLUGINS_DIR$/python-ce/helpers/typeshed/stubs/setuptools" type="simple" />
            <root url="file://$APPLICATION_PLUGINS_DIR$/python-ce/helpers/typeshed/stubs/python-dateutil" type="simple" />
          </root>
        </classPath>
        <javadocPath>
          <root type="composite" />
        </javadocPath>
        <sourcePath>
          <root type="composite" />
        </sourcePath>
      </roots>
      <additional ASSOCIATED_PROJECT_PATH="$USER_HOME$/IdeaProjects/python_test" SDK_UUID="122761a9-4528-44f6-a55d-6eded0377ed0">
        <setting name="FLAVOR_ID" value="VirtualEnvSdkFlavor" />
        <setting name="FLAVOR_DATA" value="{}" />
      </additional>
    </jdk>
  </component>
</application>