<application>
  <component name="MaterialThemeConfig">
    <option name="animatedTabs" value="false" />
    <option name="compactSidebar" value="true" />
    <option name="tabFontSizeEnabled" value="true" />
    <option name="treeFontSizeEnabled" value="true" />
    <option name="allowDataCollection" value="true" />
    <option name="isCompactSidebar" value="true" />
    <option name="isAnimatedTabs" value="false" />
    <option name="isTreeFontSizeEnabled" value="true" />
    <option name="isTabFontSizeEnabled" value="true" />
    <option name="customSidebarHeight" value="20" />
    <option name="treeFontSize" value="13" />
    <option name="accentColor" value="5294e2" />
    <option name="secondAccentColor" />
    <option name="highlightColor" />
    <option name="selectedTheme" value="ARC_DARK" />
    <option name="userId" value="e805924:18720f08616:-8000" />
    <option name="version" value="8.13.2" />
    <option name="tabFont" value="JetBrains Mono" />
    <option name="treeFont" value="JetBrains Mono" />
    <option name="pristineConfig" value="false" />
  </component>
</application>