<application>
  <component name="SettingsSyncSettings">
    <option name="disabledCategories">
      <list>
        <option value="SYSTEM" />
      </list>
    </option>
    <option name="disabledSubcategories">
      <map>
        <entry key="PLUGINS">
          <value>
            <list>
              <option value="VisualVMLauncher" />
              <option value="com.intellij.bigdatatools.core" />
              <option value="org.intellij.scala" />
            </list>
          </value>
        </entry>
      </map>
    </option>
    <option name="migrationFromOldStorageChecked" value="true" />
  </component>
</application>