<application>
  <component name="Trusted.Paths">
    <option name="TRUSTED_PROJECT_PATHS">
      <map>
        <entry key="$USER_HOME$/IdeaProjects/bus-airflow" value="true" />
        <entry key="$USER_HOME$/IdeaProjects/cloudformation" value="true" />
        <entry key="$USER_HOME$/IdeaProjects/dna-asgard-airflow" value="true" />
        <entry key="$USER_HOME$/IdeaProjects/dna-data-extract" value="true" />
        <entry key="$USER_HOME$/IdeaProjects/dna-tesseract-airflow" value="true" />
        <entry key="$USER_HOME$/IdeaProjects/go-start" value="true" />
        <entry key="$USER_HOME$/IdeaProjects/hadoop" value="true" />
        <entry key="$USER_HOME$/IdeaProjects/heap-dump" value="true" />
        <entry key="$USER_HOME$/IdeaProjects/iceberg" value="true" />
        <entry key="$USER_HOME$/IdeaProjects/kubekube" value="true" />
        <entry key="$USER_HOME$/IdeaProjects/kubekube-dev" value="true" />
        <entry key="$USER_HOME$/IdeaProjects/musthaveGo" value="true" />
        <entry key="$USER_HOME$/IdeaProjects/odin" value="true" />
        <entry key="$USER_HOME$/IdeaProjects/python-test" value="true" />
        <entry key="$USER_HOME$/IdeaProjects/python_test" value="true" />
        <entry key="$USER_HOME$/IdeaProjects/ranger" value="true" />
        <entry key="$USER_HOME$/IdeaProjects/reipoc" value="true" />
        <entry key="$USER_HOME$/IdeaProjects/spark" value="true" />
        <entry key="$USER_HOME$/IdeaProjects/tesseract-schema" value="true" />
        <entry key="$USER_HOME$/IdeaProjects/tesseract-zeppelin-lib" value="true" />
        <entry key="$USER_HOME$/IdeaProjects/uca-airflow" value="true" />
        <entry key="$USER_HOME$/IdeaProjects/umo-mordor" value="true" />
        <entry key="$USER_HOME$/IdeaProjects/untitled" value="true" />
        <entry key="$USER_HOME$/IdeaProjects/uoa-airflow" value="true" />
        <entry key="$USER_HOME$/IdeaProjects/zeppelin" value="true" />
      </map>
    </option>
  </component>
  <component name="Trusted.Paths.Settings">
    <option name="TRUSTED_PATHS">
      <list>
        <option value="$USER_HOME$/IdeaProjects" />
      </list>
    </option>
  </component>
</application>