<application>
  <component name="DimensionService">
    <location key="find.popup.5120.0.5120.2880@192dpi" x="6260" y="320" />
    <location key="find.popup.0.0.5120.2880@192dpi" x="1142" y="320" />
    <location key="find.popup.0.0.3456.2234@192dpi" x="770" y="280" />
    <location key="find.popup.0.0.5120.1440" x="1141" y="159" />
    <location key="find.popup.0.0.3024.1964@192dpi" x="674" y="254" />
    <location key="find.popup.0.0.3600.2338@192dpi" x="802" y="300" />
    <location key="find.popup.0.0.3840.2160@192dpi" x="856" y="250" />
    <size key="find.popup.5120.0.5120.2880@192dpi" width="2836" height="2320" />
    <size key="find.popup.0.0.5120.2880@192dpi" width="2586" height="2202" />
    <size key="find.popup.0.0.3456.2234@192dpi" width="2116" height="1816" />
    <size key="find.popup.0.0.5120.1440" width="1412" height="1049" />
    <size key="GridCell.Tab.0.left.0.0.5120.1440" width="1625" height="419" />
    <size key="GridCell.Tab.0.center.0.0.5120.1440" width="1625" height="419" />
    <size key="GridCell.Tab.0.right.0.0.5120.1440" width="1625" height="419" />
    <size key="GridCell.Tab.0.bottom.0.0.5120.1440" width="1625" height="419" />
    <size key="GridCell.Tab.0.left.0.0.3456.2234@192dpi" width="2396" height="842" />
    <size key="GridCell.Tab.0.center.0.0.3456.2234@192dpi" width="2396" height="842" />
    <size key="GridCell.Tab.0.right.0.0.3456.2234@192dpi" width="2396" height="842" />
    <size key="GridCell.Tab.0.bottom.0.0.3456.2234@192dpi" width="2396" height="842" />
    <size key="find.popup.0.0.3024.1964@192dpi" width="1340" height="1222" />
    <size key="find.popup.0.0.3600.2338@192dpi" width="1336" height="1870" />
    <size key="GridCell.Tab.0.left.0.0.3600.2338@192dpi" width="3436" height="838" />
    <size key="GridCell.Tab.0.center.0.0.3600.2338@192dpi" width="3436" height="838" />
    <size key="GridCell.Tab.0.right.0.0.3600.2338@192dpi" width="3436" height="838" />
    <size key="GridCell.Tab.0.bottom.0.0.3600.2338@192dpi" width="3436" height="838" />
    <size key="GridCell.Tab.1.left.0.0.3600.2338@192dpi" width="3436" height="1062" />
    <size key="GridCell.Tab.1.center.0.0.3600.2338@192dpi" width="3436" height="1062" />
    <size key="GridCell.Tab.1.right.0.0.3600.2338@192dpi" width="3436" height="1062" />
    <size key="GridCell.Tab.1.bottom.0.0.3600.2338@192dpi" width="3436" height="1062" />
    <size key="GridCell.Tab.1.left.0.0.5120.1440" width="1718" height="531" />
    <size key="GridCell.Tab.1.center.0.0.5120.1440" width="1718" height="531" />
    <size key="GridCell.Tab.1.right.0.0.5120.1440" width="1718" height="531" />
    <size key="GridCell.Tab.1.bottom.0.0.5120.1440" width="1718" height="531" />
    <size key="GridCell.Tab.0.left.0.0.3840.2160@192dpi" width="3676" height="732" />
    <size key="GridCell.Tab.0.center.0.0.3840.2160@192dpi" width="3676" height="732" />
    <size key="GridCell.Tab.0.right.0.0.3840.2160@192dpi" width="3676" height="732" />
    <size key="GridCell.Tab.0.bottom.0.0.3840.2160@192dpi" width="3676" height="732" />
    <size key="find.popup.0.0.3840.2160@192dpi" width="2390" height="1882" />
  </component>
  <component name="WindowManager">
    <frame x="0" y="0" width="1800" height="1125" extendedState="6" />
  </component>
  <component name="WindowStateApplicationService">
    <state x="2559" y="732" width="1707" height="1415" key="WELCOME_SCREEN" timestamp="1747724591125">
      <screen x="0" y="25" width="5120" height="1415" />
    </state>
    <state x="923" y="579" width="1030" height="781" key="WELCOME_SCREEN/0.44.1800.1125" timestamp="1742195278969" />
    <state x="2559" y="732" width="1707" height="1415" key="WELCOME_SCREEN/1568.1465.1680.1025/0.25.5120.1415" timestamp="1743586604745" />
    <state x="2559" y="732" width="1707" height="1415" key="WELCOME_SCREEN/1930.1465.1680.1025/0.25.5120.1415" timestamp="1747724591125" />
  </component>
</application>